monthly_revenue,revenue_growth_rate,revenue_consistency,refund_rate,chargeback_rate,settlement_velocity_days,customer_repeat_rate,payment_diversity_score,peak_season_ratio,failed_payment_rate,avg_transaction_value,transaction_volume_monthly,dispute_resolution_rate,late_settlement_frequency,revenue_concentration_risk
2.5763643,-1.035981,4.6318073,0.019963766,-0.43069443,-2.085886,0.5278743,-5.2728477,0.35525805,-3.8000677,0.953895,0.3303384,-14.532664,12.504098,-0.15483421
0.6618787,0.37731615,-23.52974,0.8374653,8.7813425,-5.807544,-11.603251,-7.919785,-0.13310356,-4.2306075,-0.6632269,-0.06699589,-13.374653,-25.977465,-1.8815792
-1.0728225,-2.0833292,-41.37819,-4.6361575,-27.783358,-5.927396,-15.79997,-12.051681,-0.35825944,-11.277018,0.9337802,-0.8397285,-41.076233,-53.233467,-3.1729887
3.156748,7.504269,36.05786,4.327937,6.660985,2.0467515,13.460607,5.7082806,1.0065904,3.79316,0.3744517,-0.55067056,31.48801,19.15612,1.2675922
0.72926694,1.1211526,-28.555223,2.550055,0.7127385,2.3041584,-9.32039,-15.638554,0.054433145,-3.8140981,1.3707242,0.42713302,-21.632065,12.129837,-3.8832748
3.5841575,3.1335983,5.6413755,3.0748503,5.6391706,2.2705708,7.511205,0.0025695898,-0.32854825,0.7955424,-0.109331824,-0.17125979,16.896353,15.792808,0.7445743
3.6702945,1.0152555,14.924302,2.6725774,4.406934,2.3848326,7.7067127,3.2260056,0.19349574,3.1562266,-0.28427064,2.1506736,17.256866,18.09869,1.5400244
0.2837449,-1.9885764,4.903219,-1.6322666,-1.6315935,0.49793497,2.1360247,-1.3010478,-0.68348294,1.4261526,-0.2746529,1.2039919,-13.117529,12.921379,0.7447872
-0.34373704,-2.5079474,3.015853,-1.2168906,-1.3974494,1.0469583,1.3775616,-2.7153764,0.7039715,-4.4933686,1.3328253,0.92157984,-15.01585,13.096311,0.7439167
1.4786865,0.99927944,-3.4419076,0.53903073,3.988313,0.86154187,1.2200449,-5.674994,0.5832539,1.0772728,0.16354819,1.7029974,-19.121536,10.668755,-1.1541024
-0.19621521,-1.0201757,5.4203176,0.28325167,3.822258,-4.6264234,1.5415478,-4.0116935,0.39204258,1.0952473,0.18765037,0.64786166,-14.484556,12.711023,0.70624167
4.183534,-0.5839397,4.713102,2.1199543,5.569693,-0.5942336,1.2113031,3.9072542,-0.12224188,0.64626837,0.621554,-0.14766462,11.614398,16.803034,1.7644176
2.3277254,0.18191694,4.8171725,1.512866,0.9542435,-3.061467,-9.802958,-0.44761783,0.286501,2.502591,-0.023410654,-0.21505895,-8.815726,8.350382,0.7735737
1.5187045,-3.2639098,-23.403263,0.47333118,1.4890127,-1.4210373,-11.075578,-8.729004,-0.0022875562,-5.5899873,-0.6748105,-0.19129783,-21.29384,-25.34772,-2.6954503
0.08488287,-0.38596088,9.085123,0.52212924,-1.5833973,0.28613618,2.2855308,-1.5000106,1.2905726,1.4423491,-0.42864814,0.5473444,-13.108167,12.260894,0.87837875
0.10353403,-4.776742,-42.197403,-5.0373287,-26.55442,0.5791376,-15.272497,-9.799007,-0.63183063,-10.188025,0.7319666,-0.47223946,-38.671303,-52.748802,-2.3819363
-0.20291351,0.23214489,-2.9450707,-0.34262958,3.3888183,0.31104773,-0.2658556,-0.56888324,-0.5173936,0.98281765,0.996324,1.0712943,-13.74209,11.511909,1.159873
3.6733148,6.9689755,29.94916,3.3625884,6.2095027,1.59395,17.837936,4.9551353,0.123319454,3.723409,-0.40130472,-0.9079903,27.785828,18.268404,1.0223897
2.0577333,-0.89728206,-23.37443,1.0797255,5.801734,-1.0071886,-10.679234,-8.26603,0.9635046,-3.07413,-0.5218954,0.5991552,-6.468267,-27.073782,-2.0826497
1.4216536,-3.776072,-38.2232,-5.2622933,-21.294775,-4.469424,-15.254087,-10.455594,-0.6756978,-6.084848,0.18925612,-0.30354577,-20.523758,-48.772156,-4.6940556
2.3211362,-2.7871788,-1.0384582,0.19759507,3.7247844,0.03547711,2.1752985,-0.15225321,-0.6000727,1.0716748,-0.5605742,-0.25358975,-20.123938,11.705169,0.6943357
2.0120864,3.5450575,16.16225,-0.32789454,5.603759,0.20477954,0.38536927,0.94829965,-1.4486479,1.2493097,0.23446131,0.4701451,20.4465,14.968616,2.1851718
3.6010509,-0.8500773,3.6005056,3.4109097,5.8999696,2.9685411,7.1214004,-0.6481225,-0.01825613,1.4613497,0.27401412,-0.41748008,19.821577,15.960716,2.1142962
2.7094355,-2.317556,-4.122631,-2.146411,3.827014,0.56066084,0.18709186,-4.388243,0.007350843,2.7804027,0.54133296,0.9324709,-10.858381,11.461898,1.5227648
3.365076,-0.56711286,15.075086,3.5399897,4.702691,-1.5617536,6.191437,0.18279542,-0.27749678,1.9359393,-0.1954003,-0.12788354,20.371912,16.128273,2.0265362
4.053117,1.9337909,32.30151,2.99833,6.429506,1.5532134,13.3422365,4.3249316,0.88512546,4.0376925,1.0089722,-0.4522326,31.535122,19.840012,0.95445496
3.0252538,6.328306,28.33387,3.3821113,5.751714,1.7697747,15.804113,5.405279,0.82308954,3.3926241,-0.8028839,-0.48570612,30.256853,19.368237,1.0746957
-0.084028415,-1.4012169,-26.225267,-2.4106143,5.293481,-4.2742248,-12.221428,-10.813312,0.56194216,-4.895355,-0.25607195,0.60343045,-16.475975,-29.023949,-3.1216435
3.7790594,5.232685,32.72157,2.6614165,6.71389,1.7605513,14.627085,4.469345,-0.8449542,2.8304613,1.203825,-0.5118134,30.267527,19.339237,1.4499539
3.462367,6.3185873,30.93568,3.755237,5.904831,2.0164685,12.495798,5.6370826,0.85606647,3.101223,0.34033465,-0.24045815,29.118847,19.592978,1.1299373
3.360863,5.9931307,34.76487,2.9774103,6.5945535,2.5244966,15.557207,5.9665008,-0.07092265,4.1033893,-0.89992976,-0.2502073,34.54049,19.737083,1.8415136
5.527304,0.6352033,-15.300305,-0.034682192,2.001932,2.6008399,-1.2561945,-2.9744093,0.7835396,2.2555075,-0.6353477,0.16050407,-13.542835,11.217695,1.1867768
0.4014469,-0.1972867,-32.465504,1.3287675,6.730993,1.0559738,-9.550251,-4.485833,0.08785201,-4.609767,1.1367912,0.7011595,-10.827558,-30.589499,-2.0198216
3.1016223,5.1844034,9.540215,3.2542455,5.5960646,2.5929053,-1.238924,3.8349068,-0.45916882,2.6854095,-0.81737006,-1.1937656,19.29326,14.578994,1.635604
2.232197,-1.666504,9.074343,0.24921376,5.4187,-2.330055,1.501734,-4.5610795,-0.119575135,-4.59999,-0.6208641,0.45203197,-13.053464,11.259691,0.8217426
3.6512704,-0.4372618,24.62901,3.1944423,5.027737,-0.9235021,1.6883259,-1.6315206,-0.51193464,-3.105637,-0.20000304,1.3111142,24.60362,15.6088915,1.4039022
0.15112704,-0.7499098,-0.28212988,0.6195203,0.096415326,3.2509134,-0.9237778,-2.049989,1.2343719,1.4887828,-0.17193481,0.3249789,-24.331684,13.730151,0.8999945
3.257821,-1.3373675,3.8738344,1.1122298,5.32057,1.5422491,7.4489875,4.098991,-1.3495197,2.6392963,-0.5036223,1.6905178,18.877972,15.844316,2.4729757
2.0070045,-1.9969676,-27.053207,1.4756945,9.197536,-1.3490902,-10.670204,-7.977664,0.3038102,-5.757537,0.99932325,0.046961837,-13.335433,-26.287334,-2.1502385
1.6775404,-3.019252,-25.538883,1.0091302,1.0129329,-1.1968956,-11.545703,-8.692817,0.55542123,-3.1232011,1.1769089,0.80022126,-15.604567,-27.44672,-1.8428969
-0.20902446,-1.336094,-3.884806,-0.08568863,6.2746906,-3.464914,-1.8591278,-2.1788573,-0.057129115,-3.7889464,-0.16644104,0.10181929,-16.136625,11.886023,-0.21239002
2.3255084,-1.4685284,4.0766163,-0.3556935,0.47339076,3.4600308,1.2822049,-0.1887022,0.48367307,1.1394475,-0.29721805,1.0253019,-13.143423,12.561041,0.61823255
2.5119417,0.62823945,-1.1600025,-1.1264362,3.4420793,1.8525015,-2.0033915,-1.7961236,0.12843224,1.1615685,-0.46696272,0.5214509,-18.826273,10.129176,0.6236305
1.8163003,7.5274405,33.254063,3.2358685,4.3126783,2.3904052,13.382531,10.129342,-0.31119126,3.1814013,0.64856607,-0.62176996,31.839931,17.095978,1.45881
1.5237216,0.6622839,-0.981576,-0.9990514,-2.2042704,-0.14572445,-11.469903,-11.782117,0.087870516,-5.0043116,-0.07547859,0.46070352,-25.711842,-26.869226,-1.8800772
3.475067,-0.37006918,5.463713,0.86285406,2.6981099,0.16041261,1.6412736,3.9250057,-0.8140337,1.5263137,-0.34471464,0.69643235,19.811104,14.812778,2.3143
0.98909307,0.2181747,-1.1589085,0.28935304,2.9749367,3.664205,-1.899817,-0.53020114,-0.61749375,1.1207204,-0.34020966,0.020763585,-16.446823,10.008568,-0.5889762
7.275516,3.525427,3.405394,1.651555,3.602664,-0.52355087,1.6233433,-0.22900298,-1.514286,1.3807409,-0.5172327,1.1282247,-6.764063,-26.72565,-0.4484076
1.8442025,-2.1590316,-29.414774,-2.418999,7.5377226,-0.9447747,-11.476785,-6.4230404,0.15069506,-5.08054,1.1367769,0.56057453,-17.342354,-24.835285,-2.394588
2.9694755,6.741151,30.383495,3.5143275,6.0026145,3.8258116,13.147041,8.0487385,0.41058663,3.796706,-0.7814241,-0.80613166,31.204548,18.978771,2.0085547
4.906736,2.0540652,1.7303936,1.6960157,10.14933,-1.8261261,0.060353827,0.632035,0.96326363,1.5135521,-0.5122336,0.14162894,-3.6522875,-22.219446,0.35744062
0.48479602,-3.8871148,-26.641254,0.7718517,8.043924,1.0042822,-11.100679,-9.452625,-0.63392574,-5.3218436,-0.13510264,0.50469714,-15.013535,-25.838045,-2.9608202
0.3182996,-5.995227,-40.907623,-5.42375,-26.100662,-0.20088509,-15.51662,-12.680886,-0.33104807,-7.372229,0.016925069,0.5624435,-41.093765,-53.490097,-4.065652
1.9039361,-2.5834115,-25.02501,-3.977335,2.99862,-2.5589108,-11.992789,-15.334147,-0.7195255,-7.9840717,-0.52660227,0.6515446,-27.15109,10.727689,-4.023028
2.0670485,-1.7710294,-24.933601,0.26194754,2.2766232,-2.7353175,-11.371955,-3.8481534,0.0879065,-5.2731123,-0.3016746,-0.30322325,-17.107515,-29.548864,0.9083461
2.6858184,-0.210391,8.236248,0.5292451,6.4761043,-3.6110237,-0.4685297,-0.18874276,1.1542412,-3.6301832,0.13843864,-0.67776334,-16.953077,10.003023,1.5770973
-0.9259143,-1.7668697,-40.409542,-5.26575,-24.090197,-1.1752106,-15.479227,-11.607729,-0.38370237,-9.515764,0.27453122,-0.39506817,-40.978165,-52.7167,-4.2923255
0.06453959,-1.4579891,1.9282643,0.32139903,-0.9100692,0.7512406,-0.7109923,-1.5006214,0.6720705,1.2122443,-0.33715537,0.66469204,-14.2629795,12.846261,1.3286518
2.5448012,1.0435401,17.476448,3.637568,6.5870557,2.1286275,8.827163,4.7186837,-0.35088822,3.2659132,-1.2127982,-0.116443925,24.02791,16.921001,1.2879492
1.0611815,0.7563009,-2.1646376,-0.707191,4.503723,-1.9238722,-0.6646787,0.16343196,0.2001058,-1.5174345,-0.36928886,-0.5033614,-4.532564,9.508534,1.1300467
3.784189,2.0155854,27.032045,2.6540859,5.3000665,4.1004305,8.01105,5.3541107,0.49359292,3.3394704,0.9860007,-0.54042184,29.064909,18.385172,0.999268
2.379336,-0.8604742,-23.489697,1.263325,4.6678853,-1.1136776,-10.794571,-10.977283,-0.18046838,-4.9551415,-0.54942036,0.82695085,-22.248291,-26.189747,-2.057574
1.9385675,-3.0117192,-22.57518,0.7326719,7.6629148,-5.196656,-12.184206,-10.728632,0.63174075,-4.806674,-0.4593885,1.1824194,-15.137378,-25.371904,-2.4280019
1.7997454,-2.1409507,-4.3017488,-0.08425572,6.5997286,2.219355,1.3146386,-1.9789474,-0.53224367,1.8504566,-0.2713211,0.7006855,-13.732966,11.848587,0.8257262
1.016669,-1.8999778,-36.83413,-5.1779113,-24.192472,0.3356015,-14.506997,-10.685249,-0.30410436,-9.896495,0.6196546,0.9291352,-22.055685,-49.11888,-4.3319826
1.0977367,-2.3016458,-38.695168,-4.7172523,-19.872501,-3.511432,-15.879473,-10.943036,-0.64148086,-6.620082,0.54581976,-0.1490043,-39.838245,-51.896793,-4.6625896
3.9429069,2.4163013,14.68526,0.41458824,6.0441756,2.4480462,0.5581235,-0.63381404,0.18676923,2.2848334,-0.14963819,-0.45045263,21.508865,14.725148,1.778847
2.5879912,-0.58770066,4.255146,2.9734857,4.960768,2.4899604,8.223511,-1.0551367,0.009228353,2.2559612,0.050569307,1.034838,23.076656,14.690766,0.72525036
3.458967,-0.8033964,11.278367,0.34568793,2.9299145,2.8447933,0.67542404,2.5175095,-0.3715847,1.1198941,0.46146405,-0.6563475,25.166126,16.082865,1.4548916
0.8822572,0.20911676,4.5609097,0.4388609,4.018007,1.3173239,-1.4925768,-0.69257545,0.08272175,-3.9636383,-0.31771544,-0.5116839,-15.345051,10.305745,-0.013188972
2.10388,-0.9542386,23.646854,-0.25042602,5.1871343,1.4549407,4.151314,2.1008909,-0.62122524,-1.681627,0.28023222,-0.8168446,29.376606,15.211011,1.5272633
0.31502324,-1.1648855,-36.921673,-5.5687737,-26.86349,-0.26868355,-15.088986,-11.425525,-0.34285134,-9.920479,0.22991528,-0.06779215,-20.035572,-49.58058,-4.8246307
-0.7071535,-0.9693639,3.1525476,0.2117353,4.5609107,1.5215614,3.2889488,-3.5550156,0.19531676,-3.3808527,0.15027454,0.68967485,-24.113182,13.229369,-0.12580147
-0.31154692,1.2701116,-24.436441,1.0327989,3.2472508,1.3603565,-11.517401,-8.630927,0.7378648,-4.5212965,1.0464102,0.66619456,-12.875487,-27.201773,-2.2334664
2.0919862,-1.7233368,-3.8576987,0.49469405,-1.0837089,1.5739576,2.17067,-1.2021937,0.89382714,-4.1306715,-0.3831374,-0.010961781,-17.87569,11.767268,-0.67957115
-0.7229832,-2.7000272,-40.559856,-4.8720074,-27.785896,0.5487603,-15.881546,-12.088355,-0.35066238,-11.370952,1.0687654,-0.47732365,-39.91445,-53.606525,-4.3153763
3.3396466,4.8835692,34.08077,3.4992602,5.9586787,1.174964,13.46667,5.460004,0.27206528,3.6329024,0.6040059,-0.6677981,31.81533,19.604076,0.8011575
1.148932,0.625404,-0.5154792,-2.1609225,3.0418274,-1.2019168,-8.518765,-13.261244,-0.52220803,-3.932881,1.0700469,0.62914145,-21.769638,-26.16995,-2.365038
1.9634985,0.5584022,-26.735289,1.4892205,2.679715,-5.5901194,-10.445579,-8.29576,0.40099517,-4.7718353,-0.49054152,0.3899301,-10.510183,-27.93732,-2.496716
3.2027166,3.930813,8.195197,9.459943,6.8807254,0.73200077,2.0788815,5.0581036,0.05722111,2.4795284,0.7833948,-1.9948201,-7.258865,14.323069,2.6535351
3.4890966,-0.34450296,28.873177,2.9007814,5.5928645,2.2539172,8.215303,5.091723,0.8449096,3.8946605,0.8661964,-0.5970727,28.871208,18.427542,1.0307759
1.0840392,-1.6905663,-26.87838,0.94617116,6.952686,-1.9220324,-11.658754,-9.979821,-0.5232411,-4.33769,1.2029046,0.33033237,-12.434864,-25.069624,-2.2088873
3.4542851,1.6875701,22.602259,1.8877946,2.9326546,2.213315,0.49598965,3.1559033,1.1398422,-1.3247368,1.0330753,0.12497742,16.961767,16.09379,0.4140833
2.432266,-0.9991931,3.6910348,-0.17162769,3.7755573,-2.7039382,-2.4073558,-6.101943,0.5367988,0.93882996,-0.3147903,0.51168865,-14.339044,11.072815,0.5383544
4.510013,-1.8562362,27.94682,3.4755635,3.9261012,3.040599,13.44152,5.0470996,-0.21920292,3.3903794,0.6635561,-0.53324574,28.4727,19.963346,0.43259305
1.3275092,-3.3882167,-24.398876,1.6661426,8.247937,-3.1904066,-11.954471,-8.739589,0.82863414,-2.743305,-0.27147275,1.091545,-22.804323,-27.336391,-3.2105246
3.3153965,-3.521815,28.808096,2.9719265,4.9939013,3.855473,16.120771,5.597635,0.3465333,3.7284286,0.33955762,-0.53831613,30.118938,19.21225,1.6301512
0.80311096,-0.97049844,7.826579,0.70027417,7.187432,3.6916485,-0.25425923,-0.7323875,1.33882,-4.63229,0.030524712,1.3785434,-11.961854,13.253252,1.3716551
2.2230325,-2.1896164,2.9918163,0.22896737,3.615115,-0.21822552,-1.3716885,-0.04374464,-0.17574191,0.6942878,0.4177948,0.83739525,-17.892347,10.573652,0.62105745
3.2336092,1.2155606,9.794141,3.1217957,4.970583,2.6457396,3.1795523,4.217984,-0.5299352,0.9534858,-0.2904929,-0.25459662,19.624628,16.059013,1.8735454
0.18088308,-2.284157,4.969781,0.8432066,4.029399,0.24625066,-0.5285777,0.5064584,-0.26477343,1.5621569,-0.6248734,-0.4867575,-12.4469595,9.519641,0.61332846
4.1800814,-0.01448821,3.0696442,0.9882858,2.4755843,3.3967133,8.572587,3.94376,-0.1342117,3.091311,0.32613626,-0.92209244,19.747395,14.54306,-0.030742103
0.55454206,0.21587038,-4.3545194,-0.1100732,-2.4787643,-4.29471,2.4316356,-1.6501741,0.14633529,1.7557844,-0.32105806,0.44636968,-17.161919,10.880371,-0.06932065
1.5043422,-0.31855664,16.859838,8.489377,5.1568036,0.52010995,2.8299143,5.360263,0.09198731,2.501131,-0.23935452,0.11606228,-7.593602,13.702542,2.0809133
0.7305474,-0.7542517,9.394608,0.8716808,4.2633324,3.5178952,-9.891577,0.32507166,0.048078217,1.4891455,0.6793115,0.9956139,-15.615687,11.832961,1.707185
0.62883323,1.9008415,-27.08659,-0.58538705,9.880234,-1.0966909,-9.983987,-8.48569,-0.5129577,-4.0665717,0.6656608,0.56937003,-17.23533,-26.345957,-1.7498648
3.0202866,5.313643,33.898678,3.0734236,5.2956963,1.893676,16.471489,5.7244987,-0.11096663,3.5265493,0.56523895,-0.31484383,30.97331,20.29187,1.5505935
3.7632792,6.3147583,28.162811,3.019694,5.9277716,2.667265,12.8972645,6.8931866,0.64317584,3.8370876,0.8118541,-0.46052766,30.618654,19.09791,1.5871992
-0.29356274,-5.4071703,-40.44967,-5.1039515,-31.144915,0.08181397,-15.8209095,-12.020572,-0.5493222,-7.677094,0.17983663,-0.16462757,-40.88218,-53.302254,-3.2932363
4.268692,-0.037494402,15.5162525,3.3320193,4.825653,2.5674179,0.5705498,-2.687129,-0.05400054,1.6167237,-0.59469575,-0.3930648,21.374098,16.600393,0.49038416
3.134521,-1.089105,17.133926,3.573076,7.5404577,2.5237813,-0.009638117,3.8261104,-0.04827517,1.7559932,-0.22444563,0.97536755,20.590137,15.93311,1.3795266
3.891151,1.2550689,13.476401,3.82138,3.0053847,1.2116256,0.15524463,3.9360993,0.10157659,3.027484,-0.23135984,1.5034515,21.847113,15.658164,1.4089683
2.507485,0.29257154,-0.17841507,0.7290617,3.9290133,-1.6459388,2.6849477,-1.5257753,-0.51068056,1.2841996,-0.021994334,1.2289172,-4.0549397,11.109413,-0.8241778
0.7092443,0.66282094,-25.17065,1.9356315,7.11591,0.6314833,-8.779218,-6.7180276,0.88758564,-4.1652713,0.75334233,0.8412327,-8.852776,-25.157198,-2.0970085
-0.38350335,-2.1206467,-2.096709,-1.3065349,2.5923617,-1.7407199,-11.9354,-15.254399,-0.45531765,-5.388607,0.37365898,-0.68928397,-21.284512,-27.054157,0.6541468
3.317926,3.9411924,4.2527194,3.341448,6.876732,0.11742413,1.7958333,3.526952,-0.31214458,2.7972012,0.8262077,0.30067885,16.902035,15.1832905,2.1041272
2.2893026,-1.9816965,-3.1687682,0.6602535,3.0964954,1.7613775,-4.38265,-0.9134154,-0.8286052,2.0746565,-0.5963024,0.89450014,-12.45958,11.738129,1.4648255
2.641101,0.3608198,2.9642036,0.6500646,5.956464,0.45220548,-1.9093325,-0.37390915,-0.2741799,1.9521598,-0.767714,0.73830986,-12.055444,10.273761,-2.0160925
1.3496413,-2.251254,-0.48162147,0.07560331,3.885548,-3.5779967,0.9858927,-6.1985035,0.090891644,1.2992308,-0.12287764,0.6511066,-12.671245,11.288433,0.6327349
3.086556,2.5561092,10.774812,3.1414123,5.1734633,1.4324155,9.209691,4.242628,0.36568323,1.426584,-0.60603946,0.15793471,20.826633,16.652348,1.5912796
2.2796857,-0.17555025,15.405206,0.66109216,5.8699617,2.5199723,-0.14858899,4.888064,0.72622424,1.1983243,-0.7360744,-0.20625491,22.490934,15.650034,1.6470801
3.461002,0.20250574,27.675806,3.1270971,6.036565,1.7291224,11.839811,3.8617222,0.18011609,3.5669374,-0.35999206,-0.6156216,31.011894,18.392462,0.64752775
4.055148,-1.0739722,5.2682095,3.3062587,6.029271,1.5853964,1.8059589,-0.3436448,-0.61561394,2.0808573,-0.5082053,-0.96835,18.643011,15.122146,2.1862655
3.811221,3.4080613,24.164782,1.6579436,4.8206077,0.14675789,-0.8680048,3.4136841,0.2655715,2.9910295,0.76740885,1.1559763,20.527748,16.863464,1.0117265
3.4120529,1.1963545,18.907417,3.4809613,4.9330654,4.2881656,17.441708,5.2351966,0.7479694,3.2308097,0.920075,0.22140658,30.58678,18.37849,1.5877726
4.241909,-0.7057916,17.17955,0.85619855,4.9938064,0.10642515,0.68394077,-2.516561,-0.69267946,1.2435478,-0.25597212,-1.1243339,25.734842,14.699035,2.1849394
3.4315138,-0.06832862,11.362712,2.4531512,2.7752001,1.3916891,6.254542,3.4444816,0.15745105,-1.6981997,-0.37240303,0.20990625,17.287998,15.3946085,1.5216582
3.081646,-1.5909021,9.327737,2.512721,5.6309786,-0.38712656,1.189841,4.94407,-0.63271517,-0.027372202,0.24796547,0.122443214,16.694244,16.125399,1.2249174
2.2023358,-1.141961,5.107305,0.7985968,5.252627,3.8008316,-10.043602,-0.60237646,1.401031,1.4648243,0.9548014,1.0890355,-13.340035,11.211059,0.98153466
1.1689312,3.8364239,3.7540853,0.47147238,3.4160924,-1.9314405,-0.39422098,-0.54724157,-0.7838091,1.0250096,-0.3554602,1.0901631,-12.88336,10.54523,1.2519906
3.9374626,0.342311,16.133625,3.7963011,2.6953561,2.6599345,5.7946067,3.7104504,-0.43059403,0.72260314,-0.75739664,-0.09511644,16.926065,15.406195,1.7334936
3.5096412,-0.45164403,15.761377,2.8160686,5.1282396,1.1770278,4.4370594,-0.46281397,-0.38748702,0.53177094,0.54250646,-1.2610607,17.69403,15.772154,0.65717405
0.18810178,-1.7349813,3.2762954,0.2923449,3.8051858,2.29177,0.80596125,-0.06621045,0.3207008,0.9157372,0.026583156,0.034958355,-26.721165,13.575126,1.1360217
2.4145129,1.0883756,-24.446516,-0.25484678,-1.0895191,-2.052255,-10.964948,-11.081464,0.2408971,-5.0138,-0.6320443,0.58813125,-15.552882,-26.510078,-2.1229389
1.3129451,-2.9584236,-24.487713,-2.4001424,5.021529,-1.8410798,-10.88556,-11.461726,0.40319505,-4.622184,-0.13166982,2.8517244,-21.476109,-27.197931,-2.3909988
4.1653337,-1.3564665,16.582008,3.3718033,3.2331088,2.54398,-0.53956586,-0.09632893,-0.40716258,2.4311202,-0.27775648,1.4640787,18.292986,16.759367,1.5354841
2.4007268,-1.172325,4.2293367,0.25680757,0.035394024,-0.5496336,-4.623732,-3.3516912,0.9100255,1.564313,-0.10857575,-0.07258499,-17.752079,12.420564,0.57297534
0.24977267,-1.4204001,-0.59608257,1.1569713,-1.3734078,-4.3011637,-12.016595,-3.7266428,-0.7033161,-4.998726,0.9604798,0.6042905,-21.02725,-30.24708,2.174262
2.6009429,6.889445,34.83927,2.7016551,5.5144234,1.6819953,18.108152,6.299922,-0.20283413,4.0476007,0.8354115,-0.020773185,33.69541,19.848848,1.9000918
0.48660988,-0.7874868,-41.464012,-4.9297867,-33.43143,-5.7531533,-15.549366,-12.344004,-0.4520921,-10.336416,0.1918493,0.27575937,-43.13445,-54.146973,-4.3578444
3.7410924,5.210158,15.716005,4.0343914,5.3413563,1.1773175,6.5782666,3.913575,-0.51299906,-1.0993322,0.5243642,0.0521505,16.21467,15.333801,1.2421753
2.6433086,7.6968827,31.11752,4.1638856,4.670459,2.199173,17.871868,5.29527,-0.00014091516,3.7697136,-0.5086271,-0.6448152,34.228695,19.35835,1.9808027
0.6590239,-2.0112517,-41.31804,-0.3447321,-29.28094,-5.5399146,-15.278461,-11.435329,-0.31107524,-7.8821163,0.46417403,-0.47731277,-42.509075,-53.344666,-3.875616
1.6225061,1.4554797,-22.487644,-1.0379078,5.547877,-5.1702504,-11.332929,-8.021345,-0.36642307,-6.291678,-0.18106753,0.77169585,-18.805977,-27.605793,0.72165966
2.711815,2.75814,9.7840805,0.7529261,5.7185793,0.21485946,0.24333046,4.968693,0.6884869,0.85038936,0.504462,0.45304054,21.391844,15.751214,1.6994255
0.33594847,0.19437997,4.802093,-0.27731723,0.6535803,-2.1416116,2.230763,-1.3341527,0.042254426,1.169914,-0.26622048,1.2231556,-23.817768,12.371337,1.0842497
2.9528015,-2.3423004,0.86365736,0.85561216,8.161809,-3.2916408,3.3135903,-2.913413,0.7446541,0.9213799,-0.5097121,1.335831,-24.5321,4.3063335,0.59475666
1.4270588,0.7449371,7.187605,0.5163958,3.447693,3.3904831,2.5681748,-1.329159,0.4845976,-0.7236997,-0.3724359,1.5213561,-14.877756,11.220013,1.1169956
0.766489,-1.7230115,3.5760071,0.71478057,4.1081057,-4.4826283,2.3080354,-1.1367949,-1.3840371,0.74145365,0.84048826,-0.34441844,-16.086655,8.313919,0.7587696
0.70492876,-0.029249553,2.0677617,-1.0999414,3.5787795,-0.15468721,0.62528807,-0.0756663,-0.053047735,0.22735374,-0.23912577,0.95496875,-12.948416,12.129427,0.8288077
0.46492028,-1.8377713,-25.977201,-2.6682482,6.6115155,0.59154826,-9.93171,-8.773632,0.5700354,-2.593326,0.92204285,0.6523648,-11.107941,-28.122356,-2.4253693
1.7292682,0.5642292,4.563181,0.4419806,-0.8213149,1.9292173,2.728718,-4.9384165,-0.46899766,1.4760929,-0.15185921,0.60119456,-16.042261,11.72671,0.2378617
2.6689334,6.1703615,34.606987,3.171642,6.177175,1.8335752,17.111933,5.5763464,1.4626213,3.7077477,0.55263615,-0.3995635,31.20593,19.04275,1.069755
3.37081,-0.15325767,5.2919664,3.3320277,4.8038483,2.4274833,1.8959721,-0.3991519,-0.927193,2.0114264,0.2303004,-0.26893482,16.072947,15.89955,0.95558906
0.48396868,-4.4978437,-42.563194,-5.631538,-27.543865,-5.096516,-16.19652,-10.421539,0.018344184,-9.490025,0.2203957,-0.1956298,-41.670788,-53.983723,-4.810185
4.4123235,3.426716,10.823721,0.80636126,4.8412666,2.7144947,0.44735312,4.3429985,1.0632886,1.2914077,0.967072,0.34368593,23.286201,15.696202,1.246467
3.1759655,7.429493,31.43062,3.3900988,6.819083,4.2688956,18.486551,10.233449,0.18497925,4.1907616,0.8942039,0.027128702,30.704597,18.269472,1.2732505
2.8591866,0.9242047,-22.048735,-1.92374,0.8188143,-4.322309,-11.227485,-11.163732,-0.34245703,-5.859334,-0.51869977,1.6826352,-15.708297,-29.74533,-2.246637
4.089372,0.5428458,28.831774,3.6654894,6.146314,1.996793,7.232292,6.2264833,0.61584973,3.4279394,0.80663866,-0.7648657,30.47164,18.539577,1.7834814
0.5361382,0.44161648,-26.065228,-2.2243097,6.350003,-3.1984727,-9.805164,-3.9117463,0.5789894,-3.1924767,-0.47298703,0.56969523,-8.551445,-31.771591,-2.3369117
0.88554996,-1.6152724,7.812548,0.4154145,-1.7733933,1.6472332,-0.51762146,-0.8533922,-1.4107665,1.7413412,-0.0151802115,1.1522998,-12.837285,12.335982,1.823085
2.35493,-1.5332651,5.0725365,0.41219807,4.6195636,-2.6771767,-0.6279731,-6.0871797,-0.23929527,1.1022502,-0.15115704,-0.3655391,-13.974173,10.507106,0.7268776
2.884213,4.5873237,-3.10465,0.68020535,4.2701755,-1.7546324,1.1053809,-5.691091,-0.4378326,1.4618237,-0.14909449,1.0369948,-24.730879,11.424881,0.26658896
0.3014245,-2.1868258,-38.901897,-4.7502694,-21.193588,-3.926928,-15.946968,-11.253479,-0.48825487,-7.147109,-0.2671152,0.59746915,-39.440376,-52.161495,-4.268191
0.43652737,-3.180601,-29.818392,0.96425194,7.1230903,1.1900597,-11.246566,-4.559773,0.38631442,-7.5252185,1.5975205,0.7552729,-11.041367,-31.035536,1.3351206
3.2568192,2.656936,4.5184703,3.7207644,3.1210356,2.9421299,8.000022,3.5963387,-0.6782135,2.512857,-0.09526018,0.12842077,17.392952,15.979792,1.2517328
2.5275347,-1.5725963,-0.6699759,-0.024930034,4.0296445,-3.9019094,3.7291095,-5.3990808,0.95299304,0.42928723,-0.20716912,0.73677975,-18.42641,12.146153,-0.4614054
0.3090651,-5.1971407,-41.43381,-2.947533,-33.448128,-5.407572,-16.077848,-12.888175,-0.3101403,-8.713201,0.38559484,-0.09048413,-40.754322,-53.28208,-3.4676435
1.3607057,-2.23617,5.372586,0.41828394,6.2082047,-2.9790921,2.8468802,-2.9102066,0.9670509,1.0657605,0.06267011,0.9002,-12.623944,11.780179,0.85788953
0.8560227,0.43768036,3.6810791,0.5094733,3.3894897,1.280374,1.1615773,-6.294923,-1.9284205,1.7301606,-0.48464948,0.6204234,-12.192793,10.545812,0.96679777
3.194578,0.94605297,29.878836,3.0000818,4.7469287,2.0193322,16.01713,4.049191,-0.30139259,3.3218603,0.5963242,-0.3749588,30.238628,20.290527,1.4697856
3.2654696,-3.266967,33.87799,3.6779041,5.7979317,2.6702602,8.119742,7.769435,0.93668896,3.1570642,0.79862756,-0.64453334,30.48811,19.745415,0.880244
2.3762252,-0.95806485,2.1405392,0.35119933,3.3099647,-3.1214898,-10.012588,-5.624519,-0.08220342,-3.4461415,-0.4018919,1.1302946,-15.141468,12.820335,1.5279621
2.6084654,0.773914,4.344961,-0.5607425,4.244886,-1.2410364,-4.086426,-5.189264,0.67973155,1.362881,-0.09661359,1.0642207,-23.832485,11.306637,0.83398217
3.489093,6.448407,29.004807,3.2651463,5.330706,3.4419444,17.434315,4.3321614,0.9393248,3.749324,0.7072393,-0.37902123,29.124578,19.638103,1.6698042
3.773931,-0.6884243,24.206205,-0.24455942,4.772298,3.3030632,8.352138,-1.0816672,-0.40596497,4.068469,0.63499564,-0.11730061,22.689316,15.821761,2.1802537
1.9916885,0.6254098,0.4624029,0.34254277,3.3254626,3.291463,-1.9607975,-6.0338216,1.4958739,0.9445385,-0.51144975,0.20941193,-16.254923,10.219893,0.28269523
1.5414221,4.4830995,-4.093868,0.99144965,6.843002,-3.3453395,0.9249705,0.98171496,-0.95096177,-2.2471216,-0.08757736,0.94639856,-13.004297,10.036232,1.2391253
1.2831103,-2.1086133,-3.3628438,0.74631983,5.796529,-2.3965163,2.2239416,-3.8946364,-0.34267083,1.5487443,0.09691993,0.90914935,-14.793347,10.981962,-1.0239707
2.630062,3.7814465,6.0146008,0.58834827,6.4386144,2.6772442,2.7699277,-0.5123562,0.41710696,2.0398135,-0.13829315,0.84522414,25.550207,15.781218,1.1132915
2.505798,-0.87298805,4.3648624,0.45517743,3.3435564,1.4921986,-0.45537108,-3.7923768,-0.25868434,1.302665,-0.4528381,-0.27680197,-18.657824,11.543998,-1.0236199
2.5388827,2.3289526,6.0603814,2.3106058,5.6488624,2.6405995,1.6211706,3.577071,-0.38059625,0.89398,0.6123161,0.4894808,15.565128,14.074913,1.0018029
2.7681792,-0.7829919,3.975605,3.144712,4.876557,0.104362465,6.4047575,2.8170028,0.36178923,0.67276645,-0.10952685,-0.13410926,16.520786,15.873421,1.8937477
2.0368807,-3.8260245,-24.246944,2.2701952,9.279176,-2.4438162,-9.964321,-8.421168,-0.09473983,-5.710987,-0.35021204,1.6159602,-20.727835,-25.507032,-2.2885969
6.1337957,3.5597994,5.367736,1.6931452,10.707698,0.5992063,-9.649739,-3.1390615,0.1973413,1.6203983,-0.14154795,-0.23938555,-4.279848,-26.143253,0.8114751
1.9574953,-1.8399012,-2.4679956,0.73425066,4.8723283,-3.485719,-9.761612,0.29415962,1.625663,-4.055335,0.028795743,0.20629066,-11.562631,11.993602,1.0079857
-0.18500575,0.106648386,-27.215666,0.7954828,0.035866067,-6.1259737,-12.750702,-8.700156,0.4949222,-5.172303,1.2826209,0.2845194,-16.04889,-28.11359,2.7661977
0.28808284,-1.6194509,-31.090263,-2.3335438,6.1354203,-1.2289032,-10.438654,-3.2082312,0.5115929,-3.1338062,0.65449953,0.65398663,-11.369854,-30.979559,-2.1868029
0.5525657,-0.9001944,-38.29171,-7.193489,2.034165,-3.374309,-14.585507,-11.126009,-0.73052454,-7.309494,0.3702944,-0.017946173,-39.58521,-49.413544,-4.4563055
0.7620305,-2.841178,-39.67232,-4.627158,-22.756176,-4.4232893,-15.202381,-11.288621,-0.52310514,-7.217085,0.48569193,0.5319128,-40.576515,-43.22009,-4.172037
3.6199622,8.406632,33.26415,3.0648773,5.2412148,1.9282849,11.921448,6.4071383,-0.407663,3.3085322,0.06003554,-0.80165195,31.56694,19.405497,0.79671055
2.3466291,3.5800579,6.4783936,0.7788506,3.0005238,3.2026718,6.309475,5.840864,0.06262946,2.1091332,0.96021754,0.058708422,-11.416021,13.580147,1.0953422
1.2125866,1.2129314,-28.28872,3.3804135,9.081054,-1.6953932,-10.752977,-10.153227,-0.2610991,-4.3953567,1.3206341,0.4529425,-4.7881846,-27.409517,-1.9895979
3.2261736,-0.041689932,29.786592,3.4903066,2.9025395,2.5248182,16.143057,7.9196,-0.5210391,4.33295,1.0835236,-0.81514746,30.219923,19.373184,1.0590965
3.5838768,1.4126658,28.578077,3.2958686,5.9600883,2.8804882,13.135526,5.6641636,0.41519913,3.6921108,0.3600278,-0.1724334,30.37088,18.447546,1.4150157
1.3633535,-1.6054918,-21.685232,-2.693827,5.568932,-1.1731422,-11.635345,-11.2230425,0.066129595,-5.1170235,-0.43010637,0.7545405,-19.936613,-25.534594,-2.6729598
-0.60655636,-0.6249676,-23.054647,1.2902707,0.8318621,0.13346641,-11.45747,-11.232758,1.5101154,-4.507784,-0.34480202,0.8873957,-18.602652,-29.92872,-2.8251984
0.673821,-1.96709,2.811436,-1.2110637,3.4969802,-3.1873283,-0.67550963,-4.385491,0.16783966,1.2690563,0.07466982,1.1420094,-12.841725,11.445499,0.5467099
3.8754704,2.5927198,16.587858,-0.26869497,3.211644,0.91196376,-0.5920791,4.934679,0.33319032,1.8582143,-0.85187715,-0.28563756,22.615856,15.822168,1.376793
0.85398024,-1.7653967,-27.33899,-2.237466,-1.3028626,-4.376792,-11.506807,-16.65443,0.092952944,-7.8889,0.9294987,0.73015183,-26.903622,3.1434002,-4.0885525
2.4577084,-3.0882993,-1.1525993,-0.2360528,3.480354,-3.0009243,-1.5124267,-3.9776733,0.47252655,0.9086467,-0.91793185,0.38262218,-19.964117,11.04451,1.4154607
2.7523873,5.4641676,10.381645,0.80650234,6.14846,0.9838433,10.305452,4.3676815,-0.07506783,3.0949492,0.83401203,0.14012125,19.3353,15.523455,2.0922825
3.299474,7.167422,29.686863,3.1395514,4.5512877,3.9776335,13.33086,6.1765437,-0.5068817,3.4608464,0.25141516,0.040045533,34.165127,19.43304,1.5566562
2.4832513,-2.442101,-4.262275,0.09863373,3.4672089,1.7806531,-1.4711776,-5.5520883,0.84054285,-3.3478796,-0.46086067,0.49959102,-19.52255,12.135735,0.7680486
-0.28585368,0.5677968,-3.092143,0.37390175,4.726944,2.4743645,0.26299196,-6.611931,0.18190071,1.1761862,0.1147585,1.1812497,-13.043825,12.020024,-0.43523228
3.751468,4.1437163,5.2730966,0.37603346,5.5820494,1.114595,1.525147,-0.34391844,-0.16025811,1.7068975,0.7008534,-0.69531,23.488058,14.083464,2.6084821
2.5098486,-2.074095,-0.3024472,0.40448236,3.6662903,0.0053012474,-1.6436838,-0.6173287,0.55308163,2.4553964,-0.29053983,0.8051625,-12.847232,11.551982,0.7730575
1.1933668,-1.3562078,-1.9512776,-0.63221955,-0.04643011,-5.0274267,-12.709616,-5.0968275,0.16398297,-7.5468802,0.734644,0.23579328,-33.74678,8.631162,-3.5954669
1.5395882,-3.4524262,-21.784004,0.50054586,1.9577183,-5.1743884,-10.766062,-12.312475,-0.07664858,-5.0606585,-0.5377833,-0.49825892,-15.107815,-25.741985,-2.0736945
4.0367846,3.8222122,15.738341,2.9887807,4.324405,-0.061029457,0.71882933,3.415674,1.3552896,0.23961373,0.5654906,0.83696455,16.712214,15.91724,1.5980976
